,Date,url,Section,Titre,Article
0,05 Avril 2018 23:33,https://www.mosaiquefm.net/fr/actualite-politique-tunisie/320144/nida-tounes-envoie-une-correspondance-a-l-isie,Politique,Nida Tounes envoie une correspondance à l'ISIE,"Nidaa Tounes a envoyé une correspondance à l'ISIE, dans laquelle il informe que la loi électorale permet à toutes les listes approuvées d'ouvrir un compte bancaire dédié à sa campagne électorale et déclaré auprès des instances dans les 48 heures qui suivent l'acceptation des listes candidates. La même source a précisé que les têtes de listes candidates se sont rendus compte de l'impossibilité d'ouverture d'un compte bancaire auprès des différentes agences, en raison de la non réception d'une circulaire de la banque centrale. Nidaa Tounes a exprimé son étonnement et a appelé l'ISIE a prendre les mesures légales nécessaires pour régulariser la situation.     "
1,05 Avril 2018 23:33,https://www.mosaiquefm.net/fr/actualite-politique-tunisie/320144/nida-tounes-envoie-une-correspondance-a-l-isie,Politique,Nida Tounes envoie une correspondance à l'ISIE,"Nidaa Tounes a envoyé une correspondance à l'ISIE, dans laquelle il informe que la loi électorale permet à toutes les listes approuvées d'ouvrir un compte bancaire dédié à sa campagne électorale et déclaré auprès des instances dans les 48 heures qui suivent l'acceptation des listes candidates. La même source a précisé que les têtes de listes candidates se sont rendus compte de l'impossibilité d'ouverture d'un compte bancaire auprès des différentes agences, en raison de la non réception d'une circulaire de la banque centrale. Nidaa Tounes a exprimé son étonnement et a appelé l'ISIE a prendre les mesures légales nécessaires pour régulariser la situation.     "
2,05 Avril 2018 21:10,https://www.mosaiquefm.net/fr/actualite-politique-tunisie/320114/kais-allani-demissionne-d-afek-tounes,Politique,Kaïs Allani démissionne d'Afek Tounes,"Kaïs Allani, président du laboratoire socio-économique Afek Tounes a annoncé sa décision, du parti,  jeudi 5 avril 2018.      Dans un post publié sur son compte Facebook, Kaïs Allani a indiqué que les raisons de sa décision de quitter Afek Tounes sont multiples et longues à expliquer.    "
3,05 Avril 2018 21:10,https://www.mosaiquefm.net/fr/actualite-politique-tunisie/320114/kais-allani-demissionne-d-afek-tounes,Politique,Kaïs Allani démissionne d'Afek Tounes,"Kaïs Allani, président du laboratoire socio-économique Afek Tounes a annoncé sa décision, du parti,  jeudi 5 avril 2018.      Dans un post publié sur son compte Facebook, Kaïs Allani a indiqué que les raisons de sa décision de quitter Afek Tounes sont multiples et longues à expliquer.    "
4,05 Avril 2018 18:50,https://www.mosaiquefm.net/fr/actualite-politique-tunisie/320009/reouverture-de-l-appel-a-candidatures-pour-la-cour-constitutionnelle,Politique,Réouverture de l’appel à candidatures pour la Cour constitutionnelle,"Le bureau de l’Assemblée des représentants du peuple (ARP), a décidé de rouvrir l’appel à candidatures pour la Cour constitutionnelle, ce jeudi 5 avril 2018. La Cour constitutionnelle est composée de douze membres, dont quatre sont choisis par le parlement. Les huit autres membres de la Cour constitutionnelle sont proposés par le président de la République (quatre membres) et par le Conseil supérieur de la magistrature (quatre membres). Le 21 mars dernier, aucun candidat pour la Cour constitutionnelle n'avait obtenu la majorité requise de 145 voix, à l'issue du 3e et dernier tour de vote pour l’élection des membres de la Cour. (TAP)"
5,05 Avril 2018 18:50,https://www.mosaiquefm.net/fr/actualite-politique-tunisie/320009/reouverture-de-l-appel-a-candidatures-pour-la-cour-constitutionnelle,Politique,Réouverture de l’appel à candidatures pour la Cour constitutionnelle,"Le bureau de l’Assemblée des représentants du peuple (ARP), a décidé de rouvrir l’appel à candidatures pour la Cour constitutionnelle, ce jeudi 5 avril 2018. La Cour constitutionnelle est composée de douze membres, dont quatre sont choisis par le parlement. Les huit autres membres de la Cour constitutionnelle sont proposés par le président de la République (quatre membres) et par le Conseil supérieur de la magistrature (quatre membres). Le 21 mars dernier, aucun candidat pour la Cour constitutionnelle n'avait obtenu la majorité requise de 145 voix, à l'issue du 3e et dernier tour de vote pour l’élection des membres de la Cour. (TAP)"
6,03 Avril 2018 17:08,https://www.mosaiquefm.net/fr/actualite-politique-tunisie/318614/avertissement-a-certains-partis-politiques-photo,Politique,Avertissement à certains partis politiques (photo),"Le ministère chargé des Relations avec les Institutions Constitutionnelles, la Société Civile et les Droits de l'Homme a émis, dans un communiqué publié, un avertissement à plusieurs partis politiques, n'ayant pas présenté leurs rapports financiers de l'année 2016. Le ministère a fixé un délai d'un mois, à compter de ce mardi 3 avril, à ces partis pour régulariser leurs situations, et a précisé que les sanctions pourraient aboutir à la dissolution des partis en infraction."
7,03 Avril 2018 17:08,https://www.mosaiquefm.net/fr/actualite-politique-tunisie/318614/avertissement-a-certains-partis-politiques-photo,Politique,Avertissement à certains partis politiques (photo),"Le ministère chargé des Relations avec les Institutions Constitutionnelles, la Société Civile et les Droits de l'Homme a émis, dans un communiqué publié, un avertissement à plusieurs partis politiques, n'ayant pas présenté leurs rapports financiers de l'année 2016. Le ministère a fixé un délai d'un mois, à compter de ce mardi 3 avril, à ces partis pour régulariser leurs situations, et a précisé que les sanctions pourraient aboutir à la dissolution des partis en infraction."
8,03 Avril 2018 16:07,https://www.mosaiquefm.net/fr/actualite-politique-tunisie/318554/loyaute-envers-la-patrie-nouveau-bloc-parlementaire-a-l-arp,Politique,"Loyauté envers la patrie, nouveau bloc parlementaire à l'ARP","Le député Riadh Jaidane a annoncé, lors d'un point de presse à l'assemblée des représentants du peuple, la création du nouveau bloc parlementaire ""La loyauté envers la patrie"" (Al walaa Lel Watan). Riadh Jaidane a assuré que ce bloc parlementaire ne sera ni contre ni avec le gouvernement de Youssef Chahed."
9,03 Avril 2018 16:07,https://www.mosaiquefm.net/fr/actualite-politique-tunisie/318554/loyaute-envers-la-patrie-nouveau-bloc-parlementaire-a-l-arp,Politique,"Loyauté envers la patrie, nouveau bloc parlementaire à l'ARP","Le député Riadh Jaidane a annoncé, lors d'un point de presse à l'assemblée des représentants du peuple, la création du nouveau bloc parlementaire ""La loyauté envers la patrie"" (Al walaa Lel Watan). Riadh Jaidane a assuré que ce bloc parlementaire ne sera ni contre ni avec le gouvernement de Youssef Chahed."
10,03 Avril 2018 13:46,https://www.mosaiquefm.net/fr/actualite-politique-tunisie/318414/arp-ali-bennour-demissionne-du-bloc-d-afek-tounes,Politique,ARP : Ali Bennour démissionne du bloc d’Afek Tounes,"D’après notre correspondant à l’Assemblée des représentants du peuple, Khalil Laâmeri, le député Ali Bennour a démissionné du bloc parlementaire d’Afek Tounes. Le nombre des députés d’Afek Tounes passe à six seulement ce qui va conduire à la dissolution du bloc vu que le règlement intérieur de l’Assemblée stipule que le bloc parlementaire doit regrouper au moins sept députés.  "
11,03 Avril 2018 13:46,https://www.mosaiquefm.net/fr/actualite-politique-tunisie/318414/arp-ali-bennour-demissionne-du-bloc-d-afek-tounes,Politique,ARP : Ali Bennour démissionne du bloc d’Afek Tounes,"D’après notre correspondant à l’Assemblée des représentants du peuple, Khalil Laâmeri, le député Ali Bennour a démissionné du bloc parlementaire d’Afek Tounes. Le nombre des députés d’Afek Tounes passe à six seulement ce qui va conduire à la dissolution du bloc vu que le règlement intérieur de l’Assemblée stipule que le bloc parlementaire doit regrouper au moins sept députés.  "
12,02 Avril 2018 21:03,https://www.mosaiquefm.net/fr/actualite-politique-tunisie/318079/pacte-de-carthage-la-commission-presente-des-propositions,Politique,Pacte de Carthage: la commission présente des propositions,"La commission technique des représentants du pacte de Carthage a présenté durant sa rencontre d’aujourd’hui, lundi 2 avril 2018 un ensemble de propositions et de mécanismes capables de booster l’économie nationale.   Les propositions concernent des réformes touchant le fond des problèmes économiques. Une nouvelle réunion de la commission aura lieu mercredi et jeudi prochain pour achever l’examen des autres mesures, a indiqué Samira Chaouachi, membre de la commission représentant l’Union patriotique libre (UPL). "
13,02 Avril 2018 21:03,https://www.mosaiquefm.net/fr/actualite-politique-tunisie/318079/pacte-de-carthage-la-commission-presente-des-propositions,Politique,Pacte de Carthage: la commission présente des propositions,"La commission technique des représentants du pacte de Carthage a présenté durant sa rencontre d’aujourd’hui, lundi 2 avril 2018 un ensemble de propositions et de mécanismes capables de booster l’économie nationale.   Les propositions concernent des réformes touchant le fond des problèmes économiques. Une nouvelle réunion de la commission aura lieu mercredi et jeudi prochain pour achever l’examen des autres mesures, a indiqué Samira Chaouachi, membre de la commission représentant l’Union patriotique libre (UPL). "
14,30 Mars 2018 23:11,https://www.mosaiquefm.net/fr/actualite-politique-tunisie/316724/un-ancien-de-l-atce-l-ancien-regime-a-fabrique-des-photos-de-s-abbou,Politique,Un ancien de l'ATCE : l'ancien régime a fabriqué des photos de S.Abbou (Vidéos),"  Un ancien fonctionnaire de l'ATCE Hmida ben Jemaa a declaré sur les ondes de Mosaique+ que l'ancien régime a fabriqué des photos et des vidéos de Samia Abbou auparavant dans le but de ternir son image. Il a indiqué qu'il tenait à témoigner à travers une publication sur Facebook survenue suite au différend qu'il y'a eu dernièrement concernant le dossier de la justice transitionnelle acompagné d'insultes et d'accusations infondées lancées par Hsan Amari à Abbou.  Dans les archives de l'ATCE, un dossier consacré à Samia Abbou a été trouvé en 2010. Il visait à accabler la députée et son mari. Il contenait des photos montées de toute pièce de Abbou entrain de danser.  Il a aussi cité que son appartenance à l'ancien régime ne l'empeche nullement de témoigner en sa faveur surtout quand il s'agit de la réputation d'une femme.  Une ancienne vidéo explicite d'un homme politique etait entre les mains de l'ancien président. Celui ci a refusé de la vehiculer."
15,30 Mars 2018 23:11,https://www.mosaiquefm.net/fr/actualite-politique-tunisie/316724/un-ancien-de-l-atce-l-ancien-regime-a-fabrique-des-photos-de-s-abbou,Politique,Un ancien de l'ATCE : l'ancien régime a fabriqué des photos de S.Abbou (Vidéos),"  Un ancien fonctionnaire de l'ATCE Hmida ben Jemaa a declaré sur les ondes de Mosaique+ que l'ancien régime a fabriqué des photos et des vidéos de Samia Abbou auparavant dans le but de ternir son image. Il a indiqué qu'il tenait à témoigner à travers une publication sur Facebook survenue suite au différend qu'il y'a eu dernièrement concernant le dossier de la justice transitionnelle acompagné d'insultes et d'accusations infondées lancées par Hsan Amari à Abbou.  Dans les archives de l'ATCE, un dossier consacré à Samia Abbou a été trouvé en 2010. Il visait à accabler la députée et son mari. Il contenait des photos montées de toute pièce de Abbou entrain de danser.  Il a aussi cité que son appartenance à l'ancien régime ne l'empeche nullement de témoigner en sa faveur surtout quand il s'agit de la réputation d'une femme.  Une ancienne vidéo explicite d'un homme politique etait entre les mains de l'ancien président. Celui ci a refusé de la vehiculer."
16,30 Mars 2018 22:48,https://www.mosaiquefm.net/fr/actualite-politique-tunisie/316719/afek-tounes-pour-la-mise-en-place-rapide-de-la-cour-constitutionnelle,Politique,Afek Tounes pour la mise en place rapide de la cour constitutionnelle,"Le parti Afek Tounes a appelé vendredi à la mise en place rapide de la cour constitutionnelle ""eu égard à son importance extrême dans le système juridique et constitutionnelle"", estimant que l'échec de son installation ""est un revers pour tout le processus de transition démocratique dont la responsabilité incombe à toutes les sensibilités politiques, notamment celles qui ont un plus grand poids parlementaire"".   Dans un communiqué rendu public vendredi, au terme de la réunion de son bureau politique jeudi, consacrée à la situation politique et économique dans le pays, le parti a réaffirmé son attachement à la justice transitionnelle et au parachèvement de son processus ""malgré la crise marquant le rejet de la prolongation du mandat de l'Instance Vérité et Dignité (IVD)"".   Il a estimé que le conseil de l'Instance, élu dans une conjoncture politique ""marquée par une grande division et la bipolarisation du temps de la Troïka"", a pâti d'une ""diversité politique nécessaire et d’une neutralité impérative, outre sa confrontation avec les institutions de l'Etat et son refus de se conformer aux arrêts de la justice ainsi que et les querelles intestines et les démissions à répétition qui ont altéré ses travaux"". Il a lui fait assumer la ""grande responsabilité du marasme marquant le processus de la justice transitionnelle"".   ""'Afin d'assurer le parachèvement du processus de justice transitionnelle malgré l'expiration du mandat légal de l'IVD en mai prochain, le parti s'emploie actuellement à étudier les alternatives légales possibles et présentera des propositions à ce sujet dans les prochains jours aux autres partenaires politiques"", a précisé le communiqué.   Au sujet de la crise économique, le bureau politique a rappelé que ""tous les acteurs économiques et sociaux s'accordent sur le diagnostic et les causes de la crise, mais ce qui manque est le passage aux grandes réformes économiques avec audace et responsabilité"".   Le bureau politique de Afek Tounes a estimé que ""la prolongation des négociations et des débats des semaines durant sur ces questions sans prendre de décisions risque d'exacerber la crise sur fond de spéculations sur un remaniement partiel ou global du gouvernement qui aura des répercussions négatives sur la marche de l'administration"".  "
17,30 Mars 2018 22:48,https://www.mosaiquefm.net/fr/actualite-politique-tunisie/316719/afek-tounes-pour-la-mise-en-place-rapide-de-la-cour-constitutionnelle,Politique,Afek Tounes pour la mise en place rapide de la cour constitutionnelle,"Le parti Afek Tounes a appelé vendredi à la mise en place rapide de la cour constitutionnelle ""eu égard à son importance extrême dans le système juridique et constitutionnelle"", estimant que l'échec de son installation ""est un revers pour tout le processus de transition démocratique dont la responsabilité incombe à toutes les sensibilités politiques, notamment celles qui ont un plus grand poids parlementaire"".   Dans un communiqué rendu public vendredi, au terme de la réunion de son bureau politique jeudi, consacrée à la situation politique et économique dans le pays, le parti a réaffirmé son attachement à la justice transitionnelle et au parachèvement de son processus ""malgré la crise marquant le rejet de la prolongation du mandat de l'Instance Vérité et Dignité (IVD)"".   Il a estimé que le conseil de l'Instance, élu dans une conjoncture politique ""marquée par une grande division et la bipolarisation du temps de la Troïka"", a pâti d'une ""diversité politique nécessaire et d’une neutralité impérative, outre sa confrontation avec les institutions de l'Etat et son refus de se conformer aux arrêts de la justice ainsi que et les querelles intestines et les démissions à répétition qui ont altéré ses travaux"". Il a lui fait assumer la ""grande responsabilité du marasme marquant le processus de la justice transitionnelle"".   ""'Afin d'assurer le parachèvement du processus de justice transitionnelle malgré l'expiration du mandat légal de l'IVD en mai prochain, le parti s'emploie actuellement à étudier les alternatives légales possibles et présentera des propositions à ce sujet dans les prochains jours aux autres partenaires politiques"", a précisé le communiqué.   Au sujet de la crise économique, le bureau politique a rappelé que ""tous les acteurs économiques et sociaux s'accordent sur le diagnostic et les causes de la crise, mais ce qui manque est le passage aux grandes réformes économiques avec audace et responsabilité"".   Le bureau politique de Afek Tounes a estimé que ""la prolongation des négociations et des débats des semaines durant sur ces questions sans prendre de décisions risque d'exacerber la crise sur fond de spéculations sur un remaniement partiel ou global du gouvernement qui aura des répercussions négatives sur la marche de l'administration"".  "
18,30 Mars 2018 14:47,https://www.mosaiquefm.net/fr/actualite-politique-tunisie/316414/faycal-khelifa-la-decision-concernant-l-ivd-est-irrevocable,Politique,Fayçal Khelifa: La décision concernant l'IVD est irrévocable,"Fayçal Khelifa, membre du bureau de l'assemblée des représentants du peuple a déclaré, ce jeudi 30 mars, que la décisions prise à l'issue du vote du non prolongement des activités de l'Instance Vérité et Dignité est irrévocable. ""Nous ne reviendrons pas sur notre décision concernant l'IVD"", a-t-il ajouté."
19,30 Mars 2018 14:47,https://www.mosaiquefm.net/fr/actualite-politique-tunisie/316414/faycal-khelifa-la-decision-concernant-l-ivd-est-irrevocable,Politique,Fayçal Khelifa: La décision concernant l'IVD est irrévocable,"Fayçal Khelifa, membre du bureau de l'assemblée des représentants du peuple a déclaré, ce jeudi 30 mars, que la décisions prise à l'issue du vote du non prolongement des activités de l'Instance Vérité et Dignité est irrévocable. ""Nous ne reviendrons pas sur notre décision concernant l'IVD"", a-t-il ajouté."
20,29 Mars 2018 19:09,https://www.mosaiquefm.net/fr/actualite-politique-tunisie/315951/reunion-vendredi-du-bureau-de-l-arp,Politique,Réunion vendredi du bureau de l'ARP,"Réunis jeudi après-midi au siège de l'Assemblée des représentants du peuple (ARP), les présidents des blocs parlementaires ont décidé de tenir une réunion de bureau, vendredi, pour se pencher sur les préparatifs de la séance plénière prévue lundi prochain et qui sera consacrée au projet de loi relatif aux institutions émergentes, a déclaré, Salem Labyedh, président du groupe démocratique.   Il a été aussi convenu d'organiser une séance plénière le 3 avril prochain pour l'examen et l'adoption, article par article, du projet de loi relatif au code des collectivités locales. Cette séance permettra à la commission des compromis de trancher la question des propositions d'amendement et des articles litigieux dudit code, selon la même source.   Convoquée par le président de l'ARP Mohamed Ennaceur, cette réunion, a indiqué Labyedh, intervient suite à la proposition des membres du bureau de l'ARP d'organiser une réunion en urgence au vu de la confusion qui a accompagné les travaux du parlement au sujet de la prolongation ou non du mandat de l'Instance Vérité et Dignité (IVD).   La séance plénière consacrée à l’examen article par article du code des collectivités locales avait démarré ce jeudi à 10h00, en présence du ministre des Affaires locales et de l'Environnement, Riadh Mouakher, et du Secrétaire d'Etat, Chokri Belhassan.   Le premier vice-président de l'ARP, Abdelfattah Mourou, a levé la plénière de ce jeudi après s'être concerté avec les présidents des différents blocs parlementaires. Ces derniers ont estimé que la séance ne pouvait pas se poursuivre en l'absence des conditions juridiques et procédurales et convenu de lever la séance pour permettre à la commission des compromis de parachever ses travaux."
21,29 Mars 2018 19:09,https://www.mosaiquefm.net/fr/actualite-politique-tunisie/315951/reunion-vendredi-du-bureau-de-l-arp,Politique,Réunion vendredi du bureau de l'ARP,"Réunis jeudi après-midi au siège de l'Assemblée des représentants du peuple (ARP), les présidents des blocs parlementaires ont décidé de tenir une réunion de bureau, vendredi, pour se pencher sur les préparatifs de la séance plénière prévue lundi prochain et qui sera consacrée au projet de loi relatif aux institutions émergentes, a déclaré, Salem Labyedh, président du groupe démocratique.   Il a été aussi convenu d'organiser une séance plénière le 3 avril prochain pour l'examen et l'adoption, article par article, du projet de loi relatif au code des collectivités locales. Cette séance permettra à la commission des compromis de trancher la question des propositions d'amendement et des articles litigieux dudit code, selon la même source.   Convoquée par le président de l'ARP Mohamed Ennaceur, cette réunion, a indiqué Labyedh, intervient suite à la proposition des membres du bureau de l'ARP d'organiser une réunion en urgence au vu de la confusion qui a accompagné les travaux du parlement au sujet de la prolongation ou non du mandat de l'Instance Vérité et Dignité (IVD).   La séance plénière consacrée à l’examen article par article du code des collectivités locales avait démarré ce jeudi à 10h00, en présence du ministre des Affaires locales et de l'Environnement, Riadh Mouakher, et du Secrétaire d'Etat, Chokri Belhassan.   Le premier vice-président de l'ARP, Abdelfattah Mourou, a levé la plénière de ce jeudi après s'être concerté avec les présidents des différents blocs parlementaires. Ces derniers ont estimé que la séance ne pouvait pas se poursuivre en l'absence des conditions juridiques et procédurales et convenu de lever la séance pour permettre à la commission des compromis de parachever ses travaux."
22,29 Mars 2018 19:03,https://www.mosaiquefm.net/fr/actualite-politique-tunisie/315946/lassaad-yacoubi-pas-de-negociations-sous-les-menaces,Politique,Lassaad Yacoubi : pas de négociations sous les menaces,"Le secrétaire général de la fédération générale de l'enseignement secondaire, Lasaad Yaacoubi a qualifié, jeudi, d'""inadmissible"" la condition posée par le ministre de l'Education de ne reprendre les négociations que lorsque les notes seront remises à l'administration, soulignant que son syndicat refuse de négocier sous les menaces.   ""Cette décision ne sera révisée que si un accord sera conclu"", a-t-il ajouté dans une déclaration en marge d'une conférence tenue à Hammamet sur ""La réalité de la fonction publique et de la gouvernance"".   Il a appelé le ministre de l'Education à engager des négociations ""sérieuses"" avec la fédération sans émettre aucune condition, mettant en garde contre la possibilité de voir cette crise s'accentuer davantage.    Le responsable syndical a ajouté que le ministère de l'éducation a choisi l'escalade, notamment après les récentes déclarations du ministre, affirmant que les menaces du ministre ou du chef du gouvernement de suspendre les salaires n’intimident aucunement les enseignants.   ""Si jamais cette décision indécente est prise, il y aura de lourdes conséquences"", a-t-il prévenu, ajoutant que le ministre et le chef du gouvernement poussent le syndicat à décréter une année blanche.   Il a indiqué que les structures syndicales se réuniront à la fin de cette semaine afin de discuter des décisions à prendre si jamais la décision de suspendre les salaires est prise.      "
23,29 Mars 2018 19:03,https://www.mosaiquefm.net/fr/actualite-politique-tunisie/315946/lassaad-yacoubi-pas-de-negociations-sous-les-menaces,Politique,Lassaad Yacoubi : pas de négociations sous les menaces,"Le secrétaire général de la fédération générale de l'enseignement secondaire, Lasaad Yaacoubi a qualifié, jeudi, d'""inadmissible"" la condition posée par le ministre de l'Education de ne reprendre les négociations que lorsque les notes seront remises à l'administration, soulignant que son syndicat refuse de négocier sous les menaces.   ""Cette décision ne sera révisée que si un accord sera conclu"", a-t-il ajouté dans une déclaration en marge d'une conférence tenue à Hammamet sur ""La réalité de la fonction publique et de la gouvernance"".   Il a appelé le ministre de l'Education à engager des négociations ""sérieuses"" avec la fédération sans émettre aucune condition, mettant en garde contre la possibilité de voir cette crise s'accentuer davantage.    Le responsable syndical a ajouté que le ministère de l'éducation a choisi l'escalade, notamment après les récentes déclarations du ministre, affirmant que les menaces du ministre ou du chef du gouvernement de suspendre les salaires n’intimident aucunement les enseignants.   ""Si jamais cette décision indécente est prise, il y aura de lourdes conséquences"", a-t-il prévenu, ajoutant que le ministre et le chef du gouvernement poussent le syndicat à décréter une année blanche.   Il a indiqué que les structures syndicales se réuniront à la fin de cette semaine afin de discuter des décisions à prendre si jamais la décision de suspendre les salaires est prise.      "
24,29 Mars 2018 16:16,https://www.mosaiquefm.net/fr/actualite-politique-tunisie/315801/bce-recoit-les-lettres-de-creance-de-3-ambassadeurs-accredites-a-tunis,Politique,BCE reçoit les lettres de créance de 3 ambassadeurs accrédités à Tunis,"Le Président de la République Béji Caïd Essebsi a reçu les lettres de créance de trois ambassadeurs de pays frères et amis, nouvellement accrédités à Tunis, ce jeudi 29 mars 2018 à Carthage. Il s'agit de :   - Majed Abderridha Hassan El-Lajmaoui, ambassadeur d'Irak à Tunis,   - Gertrudis Nsang Ndong Nsuga, ambassadrice de Guinée équatoriale à Tunis,   - Lorenzo Fanara, ambassadeur d'Italie à Tunis.  "
25,29 Mars 2018 16:16,https://www.mosaiquefm.net/fr/actualite-politique-tunisie/315801/bce-recoit-les-lettres-de-creance-de-3-ambassadeurs-accredites-a-tunis,Politique,BCE reçoit les lettres de créance de 3 ambassadeurs accrédités à Tunis,"Le Président de la République Béji Caïd Essebsi a reçu les lettres de créance de trois ambassadeurs de pays frères et amis, nouvellement accrédités à Tunis, ce jeudi 29 mars 2018 à Carthage. Il s'agit de :   - Majed Abderridha Hassan El-Lajmaoui, ambassadeur d'Irak à Tunis,   - Gertrudis Nsang Ndong Nsuga, ambassadrice de Guinée équatoriale à Tunis,   - Lorenzo Fanara, ambassadeur d'Italie à Tunis.  "
26,29 Mars 2018 00:03,https://www.mosaiquefm.net/fr/actualite-politique-tunisie/315406/mae-30-tunisiens-bloques-en-syrie,Politique,MAE : 30 tunisiens bloqués en Syrie,"Le directeur des affaires du consulat Chahir Jobbi a précisé lors d'une séance d'écoute au parlement que les autorités turques ont expatrié de 2015 à 2018 54 tunisiens revenus des zones de tensions. Certains cas n'ont pas été signalés auprès du consulat.    23 tunisiens sont actuellement détenus dans des camps dirigés par les forces syriennes démocrates et l'armée libre à ""Nizaa"" au nord de la Syrie. Le consulat a pu établir une liste des 30 retenus. "
27,29 Mars 2018 00:03,https://www.mosaiquefm.net/fr/actualite-politique-tunisie/315406/mae-30-tunisiens-bloques-en-syrie,Politique,MAE : 30 tunisiens bloqués en Syrie,"Le directeur des affaires du consulat Chahir Jobbi a précisé lors d'une séance d'écoute au parlement que les autorités turques ont expatrié de 2015 à 2018 54 tunisiens revenus des zones de tensions. Certains cas n'ont pas été signalés auprès du consulat.    23 tunisiens sont actuellement détenus dans des camps dirigés par les forces syriennes démocrates et l'armée libre à ""Nizaa"" au nord de la Syrie. Le consulat a pu établir une liste des 30 retenus. "
28,28 Mars 2018 23:31,https://www.mosaiquefm.net/fr/actualite-politique-tunisie/315381/le-secretaire-du-mae-entendu-par-la-commission-d-enquete-parlementaire,Politique,Le secrétaire du MAE entendu par la commission d'enquête parlementaire,"Le secrétaire d'Etat aux affaires étrangères, Sabri Bachtobji, a mis l'accent sur l'importance des actions communes des différentes parties prenantes dans le dossier des réseaux d'enrôlement des Tunisiens pour rallier les zones de tension et de guerre ""afin d'obtenir des renseignements permettant de dévoiler la vérité sur ce dossier et demander des comptes aux responsable de ses réseaux "".   Sabri Bachtobji a souligné lors de son audition mercredi après-midi par la commission d'enquête parlementaire sur ces filières la disposition de son département à examiner les formes possibles de collecte de renseignements auprès des parties responsables étrangères, à l'instar des résultats des enquêtes avec 43 détenus dans les prisons syriennes et 12 autres dans les prisons irakiennes, dont 5 condamnés à mort.   ""La commission d'enquête peut prendre connaissance de ses renseignements si les autorités officielles tunisiennes les obtiennent de leurs homologues des pays concernés, notamment la Syrie, l'Irak, la Libye et l'Union Européenne, afin de l'aider à mener à bien sa mission d'investigations dans ce dossier"", a-t-il indiqué.   Il a précisé que les renseignements sur le nombre des personnes ayant rejoint les zones de tension, combattu dans des zones de guerre et ceux qui ont regagné le pays ou ayant été contraints de rester dans ces zones sont généralement en possession des services de sécurité du ministère de l'intérieur. Le secrétaire d'Etat a averti à cet égard sur les retombées des déclarations officielles concernant les chiffres (de personnes embrigadées) sur l'image du pays, sur le tourisme et sur l'investissement."
29,28 Mars 2018 23:31,https://www.mosaiquefm.net/fr/actualite-politique-tunisie/315381/le-secretaire-du-mae-entendu-par-la-commission-d-enquete-parlementaire,Politique,Le secrétaire du MAE entendu par la commission d'enquête parlementaire,"Le secrétaire d'Etat aux affaires étrangères, Sabri Bachtobji, a mis l'accent sur l'importance des actions communes des différentes parties prenantes dans le dossier des réseaux d'enrôlement des Tunisiens pour rallier les zones de tension et de guerre ""afin d'obtenir des renseignements permettant de dévoiler la vérité sur ce dossier et demander des comptes aux responsable de ses réseaux "".   Sabri Bachtobji a souligné lors de son audition mercredi après-midi par la commission d'enquête parlementaire sur ces filières la disposition de son département à examiner les formes possibles de collecte de renseignements auprès des parties responsables étrangères, à l'instar des résultats des enquêtes avec 43 détenus dans les prisons syriennes et 12 autres dans les prisons irakiennes, dont 5 condamnés à mort.   ""La commission d'enquête peut prendre connaissance de ses renseignements si les autorités officielles tunisiennes les obtiennent de leurs homologues des pays concernés, notamment la Syrie, l'Irak, la Libye et l'Union Européenne, afin de l'aider à mener à bien sa mission d'investigations dans ce dossier"", a-t-il indiqué.   Il a précisé que les renseignements sur le nombre des personnes ayant rejoint les zones de tension, combattu dans des zones de guerre et ceux qui ont regagné le pays ou ayant été contraints de rester dans ces zones sont généralement en possession des services de sécurité du ministère de l'intérieur. Le secrétaire d'Etat a averti à cet égard sur les retombées des déclarations officielles concernant les chiffres (de personnes embrigadées) sur l'image du pays, sur le tourisme et sur l'investissement."
30,28 Mars 2018 18:01,https://www.mosaiquefm.net/fr/actualite-politique-tunisie/315156/moncef-marzouki-le-parlement-n-est-plus,Politique,Moncef Marzouki : le parlement n'est plus,"Moncef Marzouki président du Mouvement Tunisie Volonté (Irada) a exprimé à Mosaïque FM dans la journée du 28 mars 2018 sa volonté de voir l'IVD poursuivre son travail pendant cette transition démocratique, exprimant son refus de ce qui s'apparente à une nouvelle ""Instance"".  ""Le parlement est devenu problématique en Tunisie actuellement,  et on devrait le fermer"". Déclare t-il. Ce refus de ne pas prolonger le travail de l'IVD n'est pas légal et reflète la mauvaise foi de la majorité, toujours d'après lui. "
31,28 Mars 2018 18:01,https://www.mosaiquefm.net/fr/actualite-politique-tunisie/315156/moncef-marzouki-le-parlement-n-est-plus,Politique,Moncef Marzouki : le parlement n'est plus,"Moncef Marzouki président du Mouvement Tunisie Volonté (Irada) a exprimé à Mosaïque FM dans la journée du 28 mars 2018 sa volonté de voir l'IVD poursuivre son travail pendant cette transition démocratique, exprimant son refus de ce qui s'apparente à une nouvelle ""Instance"".  ""Le parlement est devenu problématique en Tunisie actuellement,  et on devrait le fermer"". Déclare t-il. Ce refus de ne pas prolonger le travail de l'IVD n'est pas légal et reflète la mauvaise foi de la majorité, toujours d'après lui. "
32,28 Mars 2018 11:46,https://www.mosaiquefm.net/fr/actualite-politique-tunisie/314851/ivd-achevera-son-processus-selon-la-loi-de-la-justice-transitionnelle,Politique,IVD achèvera son processus selon la loi de la justice transitionnelle,"Sihem Ben Sedrine a déclaré que l'Instance Vérité et Dignité poursuivra son processus, conformément à la loi de base de la justice transitionnelle, lors d'une conférence de presse tenue à Tunis, ce mercredi 28 mars. Elle a, toutefois accusé certains parties de tentative de remettre le pays dans le carré de la tyrannie, et ce en tentant d'entraver le travail de l'Instance Vérité et Dignité. Ben Sedrine a assuré que le rôle de l'instance ne réside pas en la sauvegarde des archives ou de l'histoire, contrairement à ce que pensent certains et qui, selon elle, essaye de donner des leçons à l'IVD."
33,28 Mars 2018 11:46,https://www.mosaiquefm.net/fr/actualite-politique-tunisie/314851/ivd-achevera-son-processus-selon-la-loi-de-la-justice-transitionnelle,Politique,IVD achèvera son processus selon la loi de la justice transitionnelle,"Sihem Ben Sedrine a déclaré que l'Instance Vérité et Dignité poursuivra son processus, conformément à la loi de base de la justice transitionnelle, lors d'une conférence de presse tenue à Tunis, ce mercredi 28 mars. Elle a, toutefois accusé certains parties de tentative de remettre le pays dans le carré de la tyrannie, et ce en tentant d'entraver le travail de l'Instance Vérité et Dignité. Ben Sedrine a assuré que le rôle de l'instance ne réside pas en la sauvegarde des archives ou de l'histoire, contrairement à ce que pensent certains et qui, selon elle, essaye de donner des leçons à l'IVD."
34,27 Mars 2018 11:14,https://www.mosaiquefm.net/fr/actualite-politique-tunisie/314266/les-deputes-de-nidaa-fetent-la-fin-des-activites-de-l-ivd,Politique,Les députés de Nidaa fêtent le départ de Sihem Ben Sedrine,"Les députés de Nidaa Tounes ont fêté le rejet du prolongement des activités de l'Instance Vérité et Dignité, à l'issue du vote tenu à l'hémicycle ce lundi 26 mars. Nidaa Tounes a posté sur sa page officielle sur le réseau social Facebook, une vidéo dans laquelle on peut voir les élus nidaïstes chanter l'hymne national à l'issue des résultats du vote.  "
35,27 Mars 2018 11:14,https://www.mosaiquefm.net/fr/actualite-politique-tunisie/314266/les-deputes-de-nidaa-fetent-la-fin-des-activites-de-l-ivd,Politique,Les députés de Nidaa fêtent le départ de Sihem Ben Sedrine,"Les députés de Nidaa Tounes ont fêté le rejet du prolongement des activités de l'Instance Vérité et Dignité, à l'issue du vote tenu à l'hémicycle ce lundi 26 mars. Nidaa Tounes a posté sur sa page officielle sur le réseau social Facebook, une vidéo dans laquelle on peut voir les élus nidaïstes chanter l'hymne national à l'issue des résultats du vote.  "
36,27 Mars 2018 11:12,https://www.mosaiquefm.net/fr/actualite-politique-tunisie/314251/houcine-abassi-je-n-ai-aucune-relation-avec-aucun-parti,Politique,Houcine Abassi: je n'ai aucune relation avec aucun parti,"L'ancien secrétaire général de l'UGTT, Houcine Abassi a affirmé qu'il n'avait pas l'intention de s'investir dans le travail politique dans n'importe quel parti ni de gauche ni de droite. Il a ajouté dans sa déclaration au journal  le Maghreb, mardi 27 mars 2018, qu'il tient à son indépendance et qu'il entretenait des relations solides avec tous les partis Quant à la soumission d'une initiative pour une sortie de crise, Abassi a affirmé que si on lui demandait des propositions pour sortir de la crise il était disposé à le faire."
37,27 Mars 2018 11:12,https://www.mosaiquefm.net/fr/actualite-politique-tunisie/314251/houcine-abassi-je-n-ai-aucune-relation-avec-aucun-parti,Politique,Houcine Abassi: je n'ai aucune relation avec aucun parti,"L'ancien secrétaire général de l'UGTT, Houcine Abassi a affirmé qu'il n'avait pas l'intention de s'investir dans le travail politique dans n'importe quel parti ni de gauche ni de droite. Il a ajouté dans sa déclaration au journal  le Maghreb, mardi 27 mars 2018, qu'il tient à son indépendance et qu'il entretenait des relations solides avec tous les partis Quant à la soumission d'une initiative pour une sortie de crise, Abassi a affirmé que si on lui demandait des propositions pour sortir de la crise il était disposé à le faire."
38,27 Mars 2018 00:04,https://www.mosaiquefm.net/fr/actualite-politique-tunisie/314121/hsouna-naasfi-l-ivd-a-fourni-650-mille-dinars-a-un-israelien,Politique,Hsouna Naasfi : l'IVD a fourni 650 mille dinars à un israélien  (Vidéos),"Le député Hsouna Naasfi (machrouu Tounes) a affirmé lors de son intervention, le 26 mars 2018, lors d'une plénière consacrée à l'IVD qu'à la suite de chaque apparition médiatique de Ben Sedrine, un schisme se crée entre le peuple et les députés de l'ARP. Il a également affirmé qu'elle était en partie responsable des discordes qui ont eu lieu. Ben sedrine est d'après lui égoïste. Plus encore, il a déclaré que l'IVD a signé un contrat avec ""David Sabel"" un israélien en lui donnant 650 mille dinars.   "
39,27 Mars 2018 00:04,https://www.mosaiquefm.net/fr/actualite-politique-tunisie/314121/hsouna-naasfi-l-ivd-a-fourni-650-mille-dinars-a-un-israelien,Politique,Hsouna Naasfi : l'IVD a fourni 650 mille dinars à un israélien  (Vidéos),"Le député Hsouna Naasfi (machrouu Tounes) a affirmé lors de son intervention, le 26 mars 2018, lors d'une plénière consacrée à l'IVD qu'à la suite de chaque apparition médiatique de Ben Sedrine, un schisme se crée entre le peuple et les députés de l'ARP. Il a également affirmé qu'elle était en partie responsable des discordes qui ont eu lieu. Ben sedrine est d'après lui égoïste. Plus encore, il a déclaré que l'IVD a signé un contrat avec ""David Sabel"" un israélien en lui donnant 650 mille dinars.   "
40,26 Mars 2018 23:47,https://www.mosaiquefm.net/fr/actualite-politique-tunisie/314116/arp-altercation-entre-samia-abbou-et-hsan-amari,Politique,ARP : altercation entre Samia Abbou et Hsan Amari  (Vidéos),Une altercation verbale a eu lieu entre Samia Abbou et Hsan Amari à l'ARP conernant la décision de prolonger les travaux de l'IVD dans la soirée du 26 mars 2018 peu avant Samia Abbou a dénoncé la corruption de certains députés et leur implication dans des affaires qui menacent la sureté de l'Etat. Le député Hsan Amari a riposté en affirmant qu'elle ne se respectait pas. 
41,26 Mars 2018 23:47,https://www.mosaiquefm.net/fr/actualite-politique-tunisie/314116/arp-altercation-entre-samia-abbou-et-hsan-amari,Politique,ARP : altercation entre Samia Abbou et Hsan Amari  (Vidéos),Une altercation verbale a eu lieu entre Samia Abbou et Hsan Amari à l'ARP conernant la décision de prolonger les travaux de l'IVD dans la soirée du 26 mars 2018 peu avant Samia Abbou a dénoncé la corruption de certains députés et leur implication dans des affaires qui menacent la sureté de l'Etat. Le député Hsan Amari a riposté en affirmant qu'elle ne se respectait pas. 
42,26 Mars 2018 23:16,https://www.mosaiquefm.net/fr/actualite-politique-tunisie/314106/l-arp-vote-contre-la-prolongation-des-travaux-de-l-ivd,Politique,L'ARP vote contre la prolongation des travaux de l'IVD (Photos),"  La prolongation des travaux de l'IVD n'auront pas lieu, selon un vote qui s'est déroulé dans la nuit du lundi 26 mars 2018.  Aucun député n'a voté pour. 2 se sont abstenus de voter et 63 ont refusé la prolongation.  D'après notre correspondant Khalil Amari, des membres de l'IVD ont quitté l'assemblée avant le commencement des votes. Des députés du front populaires et du bloc démocratique se sont abstenus de voter. Les membres de l'IVD organiseront un point de presse pour exprimer leur position.       "
43,26 Mars 2018 23:16,https://www.mosaiquefm.net/fr/actualite-politique-tunisie/314106/l-arp-vote-contre-la-prolongation-des-travaux-de-l-ivd,Politique,L'ARP vote contre la prolongation des travaux de l'IVD (Photos),"  La prolongation des travaux de l'IVD n'auront pas lieu, selon un vote qui s'est déroulé dans la nuit du lundi 26 mars 2018.  Aucun député n'a voté pour. 2 se sont abstenus de voter et 63 ont refusé la prolongation.  D'après notre correspondant Khalil Amari, des membres de l'IVD ont quitté l'assemblée avant le commencement des votes. Des députés du front populaires et du bloc démocratique se sont abstenus de voter. Les membres de l'IVD organiseront un point de presse pour exprimer leur position.       "
44,26 Mars 2018 22:08,https://www.mosaiquefm.net/fr/actualite-politique-tunisie/314081/des-deputes-prennent-la-defense-de-mohamed-ennaceur,Politique,Des députés prennent la défense de Mohamed Ennaceur,"Accusé de suspicion de conflit d’intérêts, "" le président de l’Assemblée des représentants du peuple (ARP), Mohamed Ennaceur est tout à fait capable de présider la séance plénière consacrée à la prolongation du mandat d’exercice de l'Instance Vérité et Dignité (IVD) "", ont estimé des députés du mouvement Nidaa Tounes, du bloc national et du bloc Al-Horra du mouvement Machrou Tounes.   Le député Sofiène Toubel du Mouvement Nidaa Tounes, a jugé inacceptable de remettre en doute Mohamed Ennaceur qui, a-t-il affirmé, "" est une personnalité démocratique "".   Tout en réaffirmant l’attachement de Nidaa Tounes au parachèvement du processus de la justice transitionnelle, Toubel a tenu à préciser que les députés du Mouvement Nidaa Tounes sont prêts à voter pour la prolongation du mandat d’exercice de l’IVD au cas où sa présidente Sihem Ben Sedrine présenterait sa démission.   A ce propos, il a appelé les députés qui appuient Sihem Ben Sedrine à faire prévaloir l’intérêt supérieur du pays.   De son côté, le député Mustapha Ben Ahmed (bloc national) a défendu le président du parlement, Mohamed Ennaceur qui, a-t-il dit, "" possède un passé politique glorieux "".   "" Le pays fait face aujourd'hui’hui à une grave crise en raison de l’incapacité de l'IVD à remplir sa mission dans les délais fixés par la loi relative à la justice transitionnelle "", a-t-il regretté.  "
45,26 Mars 2018 22:08,https://www.mosaiquefm.net/fr/actualite-politique-tunisie/314081/des-deputes-prennent-la-defense-de-mohamed-ennaceur,Politique,Des députés prennent la défense de Mohamed Ennaceur,"Accusé de suspicion de conflit d’intérêts, "" le président de l’Assemblée des représentants du peuple (ARP), Mohamed Ennaceur est tout à fait capable de présider la séance plénière consacrée à la prolongation du mandat d’exercice de l'Instance Vérité et Dignité (IVD) "", ont estimé des députés du mouvement Nidaa Tounes, du bloc national et du bloc Al-Horra du mouvement Machrou Tounes.   Le député Sofiène Toubel du Mouvement Nidaa Tounes, a jugé inacceptable de remettre en doute Mohamed Ennaceur qui, a-t-il affirmé, "" est une personnalité démocratique "".   Tout en réaffirmant l’attachement de Nidaa Tounes au parachèvement du processus de la justice transitionnelle, Toubel a tenu à préciser que les députés du Mouvement Nidaa Tounes sont prêts à voter pour la prolongation du mandat d’exercice de l’IVD au cas où sa présidente Sihem Ben Sedrine présenterait sa démission.   A ce propos, il a appelé les députés qui appuient Sihem Ben Sedrine à faire prévaloir l’intérêt supérieur du pays.   De son côté, le député Mustapha Ben Ahmed (bloc national) a défendu le président du parlement, Mohamed Ennaceur qui, a-t-il dit, "" possède un passé politique glorieux "".   "" Le pays fait face aujourd'hui’hui à une grave crise en raison de l’incapacité de l'IVD à remplir sa mission dans les délais fixés par la loi relative à la justice transitionnelle "", a-t-il regretté.  "
46,26 Mars 2018 21:20,https://www.mosaiquefm.net/fr/actualite-politique-tunisie/314056/le-tribunal-oblige-l-ivd-a-faire-passer-la-decision-de-prolongement,Politique,Le tribunal oblige l'IVD à faire passer la décision de prolongement,Le tribunal administratif a annoncé dans la journée du 26 mars 2018 une décision exigeant que l'Instance Vérité & Dignité valide la prolongation de ces travaux sur une année. L'Assemblée doit approuver la décision. Explications de Karim Hilali.      
47,26 Mars 2018 21:20,https://www.mosaiquefm.net/fr/actualite-politique-tunisie/314056/le-tribunal-oblige-l-ivd-a-faire-passer-la-decision-de-prolongement,Politique,Le tribunal oblige l'IVD à faire passer la décision de prolongement,Le tribunal administratif a annoncé dans la journée du 26 mars 2018 une décision exigeant que l'Instance Vérité & Dignité valide la prolongation de ces travaux sur une année. L'Assemblée doit approuver la décision. Explications de Karim Hilali.      
48,26 Mars 2018 20:28,https://www.mosaiquefm.net/fr/actualite-politique-tunisie/314016/le-depute-tarek-fetiti-appelle-a-la-dissolution-de-l-arp,Politique,Le député Tarek Fetiti appelle à la dissolution de l'ARP,"Le député Tarek Fetiti, député de l'UPL, a posté sur son compte facebook un statut, incitant à la dissolution de l'Assemblée des Représentants du peuple dans la journée du 26 mars 2018.  ""Il s'agit d'un avis personnel qui ne regarde que moi: il est temps de dissoudre l'assemblée"". a t-il écrit.     "
49,26 Mars 2018 20:28,https://www.mosaiquefm.net/fr/actualite-politique-tunisie/314016/le-depute-tarek-fetiti-appelle-a-la-dissolution-de-l-arp,Politique,Le député Tarek Fetiti appelle à la dissolution de l'ARP,"Le député Tarek Fetiti, député de l'UPL, a posté sur son compte facebook un statut, incitant à la dissolution de l'Assemblée des Représentants du peuple dans la journée du 26 mars 2018.  ""Il s'agit d'un avis personnel qui ne regarde que moi: il est temps de dissoudre l'assemblée"". a t-il écrit.     "
50,26 Mars 2018 17:41,https://www.mosaiquefm.net/fr/actualite-politique-tunisie/313926/kotti-a-ben-sedrine-du-respect-au-lieu-de-jouer-au-telephone,Politique,Kotti à Ben Sedrine :  du respect au lieu de jouer au téléphone (Vidéos),"Le député Abdelaziz Kotti a fustigé la présidente de l'IVD Sihem ben Sedrine lors d'une plénière dans la journée du lundi 26 mars 2018, en lui demandant : ""de respecter la présence des députés au lieu de joueur au téléphone"". Au retour, elle n'a pas répondu et a continué à manipuler son téléphone. Kotti déclare que Ben Sedrine tente de diviser le peuple tunisien, elle a enfreint les articles juridiques en s'obstinant de diffuser des renseignements et des papiers sans passer par les institutions officielles de l'Etat.     "
51,26 Mars 2018 17:41,https://www.mosaiquefm.net/fr/actualite-politique-tunisie/313926/kotti-a-ben-sedrine-du-respect-au-lieu-de-jouer-au-telephone,Politique,Kotti à Ben Sedrine :  du respect au lieu de jouer au téléphone (Vidéos),"Le député Abdelaziz Kotti a fustigé la présidente de l'IVD Sihem ben Sedrine lors d'une plénière dans la journée du lundi 26 mars 2018, en lui demandant : ""de respecter la présence des députés au lieu de joueur au téléphone"". Au retour, elle n'a pas répondu et a continué à manipuler son téléphone. Kotti déclare que Ben Sedrine tente de diviser le peuple tunisien, elle a enfreint les articles juridiques en s'obstinant de diffuser des renseignements et des papiers sans passer par les institutions officielles de l'Etat.     "
52,26 Mars 2018 15:32,https://www.mosaiquefm.net/fr/actualite-politique-tunisie/313851/b-sedrine-je-demande-le-prolongement-des-activites-de-l-ivd-de-6-mois,Politique,B.Sedrine: Je demande le prolongement des activités de l'IVD de 6 mois,"Sihem Ben Sedrine, présidente de l'Instance Vérité et Dignité a indiqué au parlement, ce lundi 26 mars 2018, que l'IVD est sur le point de finaliser ses travaux. Elle a assuré que la durée du prolongement des activités de l'Instance ne dépassera pas six mois, et qu'elle sera réservée à élaborer le rapport final des quatre ans de travail de l'IVD.  "
53,26 Mars 2018 15:32,https://www.mosaiquefm.net/fr/actualite-politique-tunisie/313851/b-sedrine-je-demande-le-prolongement-des-activites-de-l-ivd-de-6-mois,Politique,B.Sedrine: Je demande le prolongement des activités de l'IVD de 6 mois,"Sihem Ben Sedrine, présidente de l'Instance Vérité et Dignité a indiqué au parlement, ce lundi 26 mars 2018, que l'IVD est sur le point de finaliser ses travaux. Elle a assuré que la durée du prolongement des activités de l'Instance ne dépassera pas six mois, et qu'elle sera réservée à élaborer le rapport final des quatre ans de travail de l'IVD.  "
54,26 Mars 2018 15:13,https://www.mosaiquefm.net/fr/actualite-politique-tunisie/313816/m-ben-ahmed-ben-sedrine-doit-demissionner-pour-eviter-les-emeutes,Politique,M.Ben Ahmed: Ben Sedrine doit démissionner pour éviter les émeutes,"Le député du bloc National au parlement Mustapha Ben Ahmed a appelé, lors de la plénière réservée au vote de la prolongation des activités de l'Instance Vérité et Dignité ou pas, Sihem Ben Sedrine, présidente de l'Instance à démissionner, afin d'éviter la survenue d'émeutes dans les rues."
55,26 Mars 2018 15:13,https://www.mosaiquefm.net/fr/actualite-politique-tunisie/313816/m-ben-ahmed-ben-sedrine-doit-demissionner-pour-eviter-les-emeutes,Politique,M.Ben Ahmed: Ben Sedrine doit démissionner pour éviter les émeutes,"Le député du bloc National au parlement Mustapha Ben Ahmed a appelé, lors de la plénière réservée au vote de la prolongation des activités de l'Instance Vérité et Dignité ou pas, Sihem Ben Sedrine, présidente de l'Instance à démissionner, afin d'éviter la survenue d'émeutes dans les rues."
56,26 Mars 2018 14:55,https://www.mosaiquefm.net/fr/actualite-politique-tunisie/313786/les-partis-risquent-des-amendes-s-ils-n-organisent-pas-leurs-congres,Politique,Les partis risquent des amendes s’ils n’organisent pas leurs congrès,"Le projet de loi organique concernant l’organisation des partis politiques et leur financement continent des nouvelles dispositions.   Le projet préparé par le ministère des relations avec les instances Constitutionnelles, la société civile et les droits de l’homme oblige les partis à organiser leurs congrès. Les partis qui ne respectent pas les nouvelles mesures seront condamnés à payer des amendes.  Les mesures peuvent atteindre le stade de dissolution des partis.      "
57,26 Mars 2018 14:55,https://www.mosaiquefm.net/fr/actualite-politique-tunisie/313786/les-partis-risquent-des-amendes-s-ils-n-organisent-pas-leurs-congres,Politique,Les partis risquent des amendes s’ils n’organisent pas leurs congrès,"Le projet de loi organique concernant l’organisation des partis politiques et leur financement continent des nouvelles dispositions.   Le projet préparé par le ministère des relations avec les instances Constitutionnelles, la société civile et les droits de l’homme oblige les partis à organiser leurs congrès. Les partis qui ne respectent pas les nouvelles mesures seront condamnés à payer des amendes.  Les mesures peuvent atteindre le stade de dissolution des partis.      "
58,25 Mars 2018 21:47,https://www.mosaiquefm.net/fr/actualite-politique-tunisie/313426/une-petition-pour-retirer-la-confiance-a-mohamed-ennaceur,Politique,Une pétition pour retirer la confiance à Mohamed Ennaceur,"Ghazi Chaouachi, député du Bloc Démocratique a publié, un statut sur son compte Facebook, dans la soirée de ce dimanche 25 mars, dans lequel il annonce qu'une consultation est en cours avec d'autres élus relevant de différents blocs parlementaires, visant à lancer une pétition pour retirer la confiance à Mohamed Ennaceur, président de l'ARP."
59,25 Mars 2018 21:47,https://www.mosaiquefm.net/fr/actualite-politique-tunisie/313426/une-petition-pour-retirer-la-confiance-a-mohamed-ennaceur,Politique,Une pétition pour retirer la confiance à Mohamed Ennaceur,"Ghazi Chaouachi, député du Bloc Démocratique a publié, un statut sur son compte Facebook, dans la soirée de ce dimanche 25 mars, dans lequel il annonce qu'une consultation est en cours avec d'autres élus relevant de différents blocs parlementaires, visant à lancer une pétition pour retirer la confiance à Mohamed Ennaceur, président de l'ARP."
60,25 Mars 2018 13:33,https://www.mosaiquefm.net/fr/actualite-politique-tunisie/313221/zouhair-hamdi-garde-son-poste-de-sg-du-courant-populaire,Politique,Zouhair Hamdi garde son poste de SG du Courant populaire,Zouhair Hamdi a été reconduit ce dimanche 25 Mars 2018 au poste de secrétaire général du Courant populaire suite à l’accord du nouveau bureau politique du parti.   Lotfi Abassi a retiré sa candidature pour le bureau politique du parti à la clôture du premier congrès du parti qui a eu lieu samedi 24 et dimanche 25 Mars 2018.
61,25 Mars 2018 13:33,https://www.mosaiquefm.net/fr/actualite-politique-tunisie/313221/zouhair-hamdi-garde-son-poste-de-sg-du-courant-populaire,Politique,Zouhair Hamdi garde son poste de SG du Courant populaire,Zouhair Hamdi a été reconduit ce dimanche 25 Mars 2018 au poste de secrétaire général du Courant populaire suite à l’accord du nouveau bureau politique du parti.   Lotfi Abassi a retiré sa candidature pour le bureau politique du parti à la clôture du premier congrès du parti qui a eu lieu samedi 24 et dimanche 25 Mars 2018.
62,25 Mars 2018 12:49,https://www.mosaiquefm.net/fr/actualite-politique-tunisie/313206/taboubi-a-chahed-des-contrebandiers-ont-finance-des-partis,Politique,Taboubi à Chahed: des contrebandiers ont financé des partis...,"Noureddine Taboubi, secrétaire général de l’UGTT a confirmé une nouvelle fois depuis Bizerte ce dimanche 25 Mars 2018 que le gouvernement actuel n’a pas réussi à présenté des résultats et que son changement s’impose.   Il a indiqué que l’UGTT a mis en garde le chef du gouvernement que sa réussite est liée à l’abandon des cotas et des appartenances politiques e nommant les ministres et les conseillers.   Le secrétaire général de l'UGTT a fait savoir que des investisseurs ont été victimes de pressions et de chantages contre la permission de travailler en Tunisie. Il a ajouté que le gouvernement est incapable de mettre un terme aux activités des bandes de contrebande de peur de mettre au jour plusieurs dossiers. Il a adressé ses paroles à Chahed en assurant que les bandes ont financé plusieurs partis. S'ils sont capturés ils vont dévoiler des scandales, a-t-il poursuivi."
63,25 Mars 2018 12:49,https://www.mosaiquefm.net/fr/actualite-politique-tunisie/313206/taboubi-a-chahed-des-contrebandiers-ont-finance-des-partis,Politique,Taboubi à Chahed: des contrebandiers ont financé des partis...,"Noureddine Taboubi, secrétaire général de l’UGTT a confirmé une nouvelle fois depuis Bizerte ce dimanche 25 Mars 2018 que le gouvernement actuel n’a pas réussi à présenté des résultats et que son changement s’impose.   Il a indiqué que l’UGTT a mis en garde le chef du gouvernement que sa réussite est liée à l’abandon des cotas et des appartenances politiques e nommant les ministres et les conseillers.   Le secrétaire général de l'UGTT a fait savoir que des investisseurs ont été victimes de pressions et de chantages contre la permission de travailler en Tunisie. Il a ajouté que le gouvernement est incapable de mettre un terme aux activités des bandes de contrebande de peur de mettre au jour plusieurs dossiers. Il a adressé ses paroles à Chahed en assurant que les bandes ont financé plusieurs partis. S'ils sont capturés ils vont dévoiler des scandales, a-t-il poursuivi."
64,24 Mars 2018 20:15,https://www.mosaiquefm.net/fr/actualite-politique-tunisie/313031/arp-4-blocs-presentent-une-initiative-pour-bloquer-ben-sedrine,Politique,ARP: 4 blocs présentent une initiative pour bloquer Ben Sedrine,"Quatre blocs parlementaires: Nidaa Tounes, Al Horra (Machrou Tounes, Le bloc démocrate et Afek Tounes ont présenté une initiative législative concernant la justice transitionnelle.   Cette initiative donne une alternative au cas où la prolongation des travaux de l'IVD ne sera pas accordée par l'ARP.   Mohamed Ben Souf, adjoint du président de l’ARP, a indiqué que le projet est en préparation depuis plusieurs jours. «Pour nous, la justice transitionnelle est en déroute à cause de Sihem Ben Sedrine. L’ARP a donné son feu vert à cette responsable mais elle n’a pas respecté sa tâche. Sihem  Ben Sedrine n’a pas respecté sa mission et elle tente de divisé le peuple. Elle est aussi accusée de falsifié des faits historiques… Au niveau du parti nous avons déjà tranché dans cette question et il n’est plus question de laisser la porte ouverte à cette dame. Nous sommes avec la justice transitionnelle, mais les groupes réunis sont d’accord à mettre un terme à cette mascarade. Il y a des alternatives à choisir. La commission juridique a travaillé sur cette initiative et nous espérons qu’elle finisse par être adoptée par l’ensemble des députés de l’ARP», a expliqué Ben Souf. "
65,24 Mars 2018 20:15,https://www.mosaiquefm.net/fr/actualite-politique-tunisie/313031/arp-4-blocs-presentent-une-initiative-pour-bloquer-ben-sedrine,Politique,ARP: 4 blocs présentent une initiative pour bloquer Ben Sedrine,"Quatre blocs parlementaires: Nidaa Tounes, Al Horra (Machrou Tounes, Le bloc démocrate et Afek Tounes ont présenté une initiative législative concernant la justice transitionnelle.   Cette initiative donne une alternative au cas où la prolongation des travaux de l'IVD ne sera pas accordée par l'ARP.   Mohamed Ben Souf, adjoint du président de l’ARP, a indiqué que le projet est en préparation depuis plusieurs jours. «Pour nous, la justice transitionnelle est en déroute à cause de Sihem Ben Sedrine. L’ARP a donné son feu vert à cette responsable mais elle n’a pas respecté sa tâche. Sihem  Ben Sedrine n’a pas respecté sa mission et elle tente de divisé le peuple. Elle est aussi accusée de falsifié des faits historiques… Au niveau du parti nous avons déjà tranché dans cette question et il n’est plus question de laisser la porte ouverte à cette dame. Nous sommes avec la justice transitionnelle, mais les groupes réunis sont d’accord à mettre un terme à cette mascarade. Il y a des alternatives à choisir. La commission juridique a travaillé sur cette initiative et nous espérons qu’elle finisse par être adoptée par l’ensemble des députés de l’ARP», a expliqué Ben Souf. "
66,24 Mars 2018 19:26,https://www.mosaiquefm.net/fr/actualite-politique-tunisie/313011/h-caid-essebsi-la-justice-transitionnelle-n-est-pas-ben-sedrine,Politique,H. Caïd Essebsi: la justice transitionnelle n’est pas Ben Sedrine (Photos),Le directeur exécutif de Nidaa Tounes Hafedh Caïed Essebsi a posté ce samedi 24 Mars 2018 sur sa page sur Facebook que la justice transitionnelle n'est pas Sihem Ben Sedrine et que le bloc de son parti ne votera pas pour son maintien.    
67,24 Mars 2018 19:26,https://www.mosaiquefm.net/fr/actualite-politique-tunisie/313011/h-caid-essebsi-la-justice-transitionnelle-n-est-pas-ben-sedrine,Politique,H. Caïd Essebsi: la justice transitionnelle n’est pas Ben Sedrine (Photos),Le directeur exécutif de Nidaa Tounes Hafedh Caïed Essebsi a posté ce samedi 24 Mars 2018 sur sa page sur Facebook que la justice transitionnelle n'est pas Sihem Ben Sedrine et que le bloc de son parti ne votera pas pour son maintien.    
68,24 Mars 2018 16:35,https://www.mosaiquefm.net/fr/actualite-politique-tunisie/312926/le-bureau-de-l-arp-examine-l-intervention-de-hrizi,Politique,Le bureau de l'ARP examine l'intervention de Hrizi,Le président de l'ARP Mohamed Ennacer a déclaré après la reprise de la séance plénière relative à l'examen du prolongement des travaux de l'IVD que le bureau de l'ARP se réunira pour examiner  qui s'est dit kamikaze et a menacé de se faire exploser au sein de l'hémicycle.   Il s'est adressé à Mabrouk Korchid lui disant qu'il s'etait attaqué à sa personne et qu'il avait menacé de se faire exploser et que l'ARP n'était pas un lieu pour l'échange d'insultes.
69,24 Mars 2018 16:35,https://www.mosaiquefm.net/fr/actualite-politique-tunisie/312926/le-bureau-de-l-arp-examine-l-intervention-de-hrizi,Politique,Le bureau de l'ARP examine l'intervention de Hrizi,Le président de l'ARP Mohamed Ennacer a déclaré après la reprise de la séance plénière relative à l'examen du prolongement des travaux de l'IVD que le bureau de l'ARP se réunira pour examiner  qui s'est dit kamikaze et a menacé de se faire exploser au sein de l'hémicycle.   Il s'est adressé à Mabrouk Korchid lui disant qu'il s'etait attaqué à sa personne et qu'il avait menacé de se faire exploser et que l'ARP n'était pas un lieu pour l'échange d'insultes.
70,24 Mars 2018 12:54,https://www.mosaiquefm.net/fr/actualite-politique-tunisie/312761/crise-de-l-enseignement-secondaire-taboubi-relativise,Politique,Crise de l'enseignement secondaire : Taboubi relativise,"Le secrétaire général de l'UGTT, Noureddine Tabboubi tente de calmer les tensions et relativise la crise qui a éclaté entre le syndicat de l'enseignement secondaire et le ministère de l'éducation en appelant au calme.  ""Certains font abstraction de leur rendement et instrumentalise la confrontation entre l'UGTT et les enfants du peuple."" dit -il et enchaîne : ""Vous voulez effectuer votre campagne électorale à travers le secteur de l'enseignement secondaire"".  Il a commenté le rassemblement qui a eu lieu à Sousse dans la matinée du samedi 24 mars 2018 en déclarant que les enseignants veillent à ce que cette année soit validée.  Taboubi nie être impliqué dans des compétitions ou des affrontements et que s'il l'a été, c'est parce qu'il a été contraint.      "
71,24 Mars 2018 12:54,https://www.mosaiquefm.net/fr/actualite-politique-tunisie/312761/crise-de-l-enseignement-secondaire-taboubi-relativise,Politique,Crise de l'enseignement secondaire : Taboubi relativise,"Le secrétaire général de l'UGTT, Noureddine Tabboubi tente de calmer les tensions et relativise la crise qui a éclaté entre le syndicat de l'enseignement secondaire et le ministère de l'éducation en appelant au calme.  ""Certains font abstraction de leur rendement et instrumentalise la confrontation entre l'UGTT et les enfants du peuple."" dit -il et enchaîne : ""Vous voulez effectuer votre campagne électorale à travers le secteur de l'enseignement secondaire"".  Il a commenté le rassemblement qui a eu lieu à Sousse dans la matinée du samedi 24 mars 2018 en déclarant que les enseignants veillent à ce que cette année soit validée.  Taboubi nie être impliqué dans des compétitions ou des affrontements et que s'il l'a été, c'est parce qu'il a été contraint.      "
72,24 Mars 2018 12:04,https://www.mosaiquefm.net/fr/actualite-politique-tunisie/312731/taboubi-a-chahed-tu-as-choisi-la-guerre-tu-l-auras,Politique,Taboubi à Chahed: tu as choisi la guerre ... tu l'auras,"Le secrétaire général de l'UGTT Noureddine Taboubi a déclaré lors d'une réunion populaire tenue samedi que rien n'est à vendre en Tunisie, et ce en réponse au discours de Youssef Chahed tenu le 23 mars 2018, à l'ARP.   Taboubi a déclaré que le chef du gouvernement est en train d'exhiber sa force, il  a également évoqué son programme sur les caisses sociales et les établissements publics. Taboubi a déclaré, nous  respectons votre engouement, tu as choisi la guerre et tu l'auras.   Taboubi a déclaré que l'UGTT organisera des rassemblements dans plusieurs régions qui s'achèveront sur un grand rassemblement à Tunis, il a ajouté nous travaillerons jour et nuit pour faire face à ce dangereux projet pour les tunisiens.  "
73,24 Mars 2018 12:04,https://www.mosaiquefm.net/fr/actualite-politique-tunisie/312731/taboubi-a-chahed-tu-as-choisi-la-guerre-tu-l-auras,Politique,Taboubi à Chahed: tu as choisi la guerre ... tu l'auras,"Le secrétaire général de l'UGTT Noureddine Taboubi a déclaré lors d'une réunion populaire tenue samedi que rien n'est à vendre en Tunisie, et ce en réponse au discours de Youssef Chahed tenu le 23 mars 2018, à l'ARP.   Taboubi a déclaré que le chef du gouvernement est en train d'exhiber sa force, il  a également évoqué son programme sur les caisses sociales et les établissements publics. Taboubi a déclaré, nous  respectons votre engouement, tu as choisi la guerre et tu l'auras.   Taboubi a déclaré que l'UGTT organisera des rassemblements dans plusieurs régions qui s'achèveront sur un grand rassemblement à Tunis, il a ajouté nous travaillerons jour et nuit pour faire face à ce dangereux projet pour les tunisiens.  "
74,24 Mars 2018 11:49,https://www.mosaiquefm.net/fr/actualite-politique-tunisie/312721/arp-des-altercations-ont-eclate,Politique,ARP : des altercations ont éclaté  (Vidéos + Photos),"Des altercations ont eu lieu à l'ARP dans la matinée du 24 mars 2018 lors d'une plénière consacrée au vote relatif à prorogation de la mission de l'Instance Vérité et Dignité.  Ils en sont venus aux mains entre un député du bloc démocratique Mabrouk Hrizi, Imed Deymi et des députés de Nidaa Tounes.  Ces altercations ont éclaté lorsque Hrizi a demandé au président d'interrompre la séance à cause du nombre insuffisant du quorum et s'est farouchement opposé au déroulement de la séance.        "
75,24 Mars 2018 11:49,https://www.mosaiquefm.net/fr/actualite-politique-tunisie/312721/arp-des-altercations-ont-eclate,Politique,ARP : des altercations ont éclaté  (Vidéos + Photos),"Des altercations ont eu lieu à l'ARP dans la matinée du 24 mars 2018 lors d'une plénière consacrée au vote relatif à prorogation de la mission de l'Instance Vérité et Dignité.  Ils en sont venus aux mains entre un député du bloc démocratique Mabrouk Hrizi, Imed Deymi et des députés de Nidaa Tounes.  Ces altercations ont éclaté lorsque Hrizi a demandé au président d'interrompre la séance à cause du nombre insuffisant du quorum et s'est farouchement opposé au déroulement de la séance.        "
76,24 Mars 2018 09:35,https://www.mosaiquefm.net/fr/actualite-politique-tunisie/312646/chahed-evoque-des-mesures-importantes-et-repond-aux-deputes,Politique,Chahed évoque des mesures importantes et répond aux députés,Le chef du gouvernement répond aux interventions des députés dans la soirée du vendredi 24 mars 2018 lors d'une plénière qui s'est étalée jusqu'à 1h tardive : il a évoqué la croissance économique enregistrée au sein du port de Rades en citant qu'il n'y a pas de problèmes d'infrastructure qui empêcherait la construction d'un 8 et 9ème quai.  Le port est ancien et ne va plus avec les normes actuelles. Un cahier de charge verra le jour après 10 ans d'attente :  Il a démenti l'annulation de la FCR chez les tunisiens à l'étranger.  Des mesures à ce sujet ont été prises afin de lutter contre toute sorte de trafic parallèle : Chahed a également cité que la Tunisie a eu à faire au plus grand dossier de corruption de son histoire. Il a réitéré son soutien aux juges et l'indépendance de la justice annonçant au passage le lancement de 12 tribunaux administratifs :     
77,24 Mars 2018 09:35,https://www.mosaiquefm.net/fr/actualite-politique-tunisie/312646/chahed-evoque-des-mesures-importantes-et-repond-aux-deputes,Politique,Chahed évoque des mesures importantes et répond aux députés,Le chef du gouvernement répond aux interventions des députés dans la soirée du vendredi 24 mars 2018 lors d'une plénière qui s'est étalée jusqu'à 1h tardive : il a évoqué la croissance économique enregistrée au sein du port de Rades en citant qu'il n'y a pas de problèmes d'infrastructure qui empêcherait la construction d'un 8 et 9ème quai.  Le port est ancien et ne va plus avec les normes actuelles. Un cahier de charge verra le jour après 10 ans d'attente :  Il a démenti l'annulation de la FCR chez les tunisiens à l'étranger.  Des mesures à ce sujet ont été prises afin de lutter contre toute sorte de trafic parallèle : Chahed a également cité que la Tunisie a eu à faire au plus grand dossier de corruption de son histoire. Il a réitéré son soutien aux juges et l'indépendance de la justice annonçant au passage le lancement de 12 tribunaux administratifs :     
78,24 Mars 2018 00:38,https://www.mosaiquefm.net/fr/actualite-politique-tunisie/312601/chahed-du-haut-de-mes-42-ans-je-me-consacre-a-la-tunisie,Politique,"Chahed : 'Du haut de mes 42 ans, je me consacre à la Tunisie'","Dans une déclaration en réponse aux interventions des députés dans la soirée du 24 mars 2018, Youssef Chahed a dit que la Tunisie était capable, grâce aux efforts de tout le monde, de surmonter la crise, indiquant : 'qu'on a déjà surmonter pire.'  ""J'ai 42 ans, je n'ai pas de réglements de compte, je me consacre à mon pays et ensemble, on peut remédier à notre Tunisie"".  Il cite également : 'qu'ensemble, on doit lancer des réformes necessaires pour un avenir meilleur afin de chasser les menaces qui planent"" et enchaine en soulignant que c'était le gouvernement a entamé des réformes dans les institutions publiques et dans les caisses sociales et non pas le FMI."
79,24 Mars 2018 00:38,https://www.mosaiquefm.net/fr/actualite-politique-tunisie/312601/chahed-du-haut-de-mes-42-ans-je-me-consacre-a-la-tunisie,Politique,"Chahed : 'Du haut de mes 42 ans, je me consacre à la Tunisie'","Dans une déclaration en réponse aux interventions des députés dans la soirée du 24 mars 2018, Youssef Chahed a dit que la Tunisie était capable, grâce aux efforts de tout le monde, de surmonter la crise, indiquant : 'qu'on a déjà surmonter pire.'  ""J'ai 42 ans, je n'ai pas de réglements de compte, je me consacre à mon pays et ensemble, on peut remédier à notre Tunisie"".  Il cite également : 'qu'ensemble, on doit lancer des réformes necessaires pour un avenir meilleur afin de chasser les menaces qui planent"" et enchaine en soulignant que c'était le gouvernement a entamé des réformes dans les institutions publiques et dans les caisses sociales et non pas le FMI."
